{
    "rmse": 0.7357038622694538,
    "mae": 0.6578074511780642,
    "r2": 0.0500589008346507
}