{
    "rmse": 0.7360556894501388,
    "mae": 0.6602574904855032,
    "r2": 0.049604621448777864
}